Country,Continent,iso_alpha,1/1/2015,2/1/2015,3/1/2015,4/1/2015,5/1/2015,6/1/2015,7/1/2015,8/1/2015,9/1/2015,10/1/2015,11/1/2015,12/1/2015,1/1/2016,2/1/2016,3/1/2016,4/1/2016,5/1/2016,6/1/2016,7/1/2016,8/1/2016,9/1/2016,10/1/2016,11/1/2016,12/1/2016,1/1/2017,2/1/2017,3/1/2017,4/1/2017,5/1/2017,6/1/2017,7/1/2017,8/1/2017,9/1/2017,10/1/2017,11/1/2017,12/1/2017,1/1/2018,2/1/2018,3/1/2018,4/1/2018,5/1/2018,6/1/2018,7/1/2018,8/1/2018,9/1/2018,10/1/2018,11/1/2018,12/1/2018,1/1/2019,2/1/2019,3/1/2019,4/1/2019,5/1/2019,6/1/2019,7/1/2019,8/1/2019,9/1/2019,10/1/2019,11/1/2019,12/1/2019,1/1/2020,2/1/2020,3/1/2020,4/1/2020,5/1/2020,6/1/2020,7/1/2020,8/1/2020,9/1/2020,10/1/2020,11/1/2020,12/1/2020,1/1/2021,2/1/2021,3/1/2021,4/1/2021,5/1/2021,6/1/2021,7/1/2021,8/1/2021,9/1/2021,10/1/2021
Afghanistan,Asia,AFG,90,125,220,135,220,195,250,145,375,270,335,265,215,295,260,285,200,255,210,125,275,255,160,120,230,375,325,330,210,210,310,280,235,290,405,260,525,295,380,270,275,325,240,200,280,225,270,275,350,340,340,375,530,360,315,170,280,340,330,160,195,300,235,5,35,55,85,95,180,120,185,165,200,210,135,140,150,180,180,1005,1535,1130
Albania,Europe,ALB,15,25,50,45,45,75,45,65,60,35,50,55,50,30,65,45,60,45,30,40,40,40,25,40,40,50,80,70,60,65,75,30,70,35,35,40,45,55,75,70,45,55,55,50,55,40,45,55,35,25,65,65,65,70,45,50,75,60,35,30,40,35,35,5,20,20,30,20,20,20,30,10,45,45,25,35,35,45,60,55,75,45
Algeria,Africa,DZA,80,125,235,255,340,280,310,280,355,225,170,175,95,100,215,300,330,245,585,255,220,190,130,150,140,120,270,280,210,250,505,205,215,145,145,150,115,150,360,305,210,340,335,225,375,325,295,190,125,135,420,295,120,450,430,275,370,400,365,320,220,265,245,70,80,110,335,440,310,270,175,200,175,165,125,90,110,245,585,280,280,365
Andorra,Europe,AND,0,0,0,0,0,0,0,0,0,0,0,0,0,0,0,0,0,0,0,0,0,0,0,0,0,0,0,0,0,0,0,0,0,0,0,0,0,0,0,0,0,0,0,0,0,0,0,0,0,0,0,0,0,0,0,0,0,0,0,0,0,0,0,0,0,0,0,0,0,0,0,0,0,0,0,0,0,0,0,0,0,0
Angola,Africa,AGO,0,0,0,10,0,0,0,0,0,0,0,5,0,5,0,0,10,0,0,0,0,0,0,0,5,0,0,5,0,5,10,0,0,0,0,0,0,5,0,0,0,5,5,0,0,0,5,0,5,5,0,10,0,10,10,0,5,5,0,0,0,10,0,0,0,0,0,0,0,5,0,0,5,10,20,5,0,0,15,15,10,25
Antigua and Barbuda,North America,ATG,0,5,10,0,0,5,5,5,5,0,0,0,0,10,0,0,0,0,5,0,10,0,0,0,5,10,5,10,10,0,10,0,0,5,0,10,5,0,10,10,5,10,5,0,0,10,10,5,10,5,0,10,20,10,15,10,10,5,15,5,0,0,5,0,0,0,0,0,5,0,0,5,15,10,0,5,5,5,10,5,20,15
Argentina,South America,ARG,10,15,15,25,25,20,25,20,20,10,20,25,30,15,20,35,40,20,20,25,15,20,10,10,30,15,15,15,15,20,25,15,20,20,20,25,20,25,25,15,20,25,25,35,25,20,15,20,20,10,25,20,20,25,45,40,25,40,20,10,20,30,20,5,15,35,5,10,20,5,20,10,25,20,25,20,20,50,25,40,35,50
Armenia,Europe,ARM,10,10,10,20,15,40,45,50,40,25,15,30,10,20,20,35,15,40,35,45,60,45,10,20,10,30,30,30,15,30,30,5,15,20,15,20,10,15,20,10,15,15,25,20,25,20,20,5,5,5,10,15,20,15,40,20,25,20,15,10,10,10,5,0,5,0,10,0,0,10,20,15,5,10,0,5,15,5,10,5,15,5
Australia,Oceania,AUS,95,70,100,145,160,110,135,140,140,140,125,110,155,140,170,205,180,185,155,160,95,90,95,80,165,185,165,140,145,130,125,160,165,155,150,185,225,170,215,195,160,205,190,180,155,185,165,135,150,125,195,180,190,210,235,170,205,195,145,135,165,160,125,25,80,175,70,60,95,75,95,55,110,115,130,120,125,275,225,215,220,205
Austria,Europe,AUT,10,10,5,10,10,15,5,5,15,10,0,10,5,15,5,15,10,10,5,10,5,10,10,0,10,15,5,10,5,10,10,5,10,0,10,15,10,5,15,10,0,10,15,5,5,0,0,5,5,5,10,0,15,10,15,10,15,10,5,5,10,10,5,0,5,5,10,0,0,5,0,0,0,5,5,5,10,15,10,15,15,10
Azerbaijan,Europe,AZE,5,10,0,0,0,10,15,30,5,10,10,0,5,20,10,15,20,15,10,0,0,5,5,10,0,10,5,10,5,10,15,5,10,15,15,10,0,30,20,15,30,20,35,35,25,30,35,20,30,25,30,35,55,80,25,30,30,15,15,20,25,20,10,10,5,20,15,15,20,25,15,20,60,45,50,25,15,30,50,30,45,65
Bahamas,North America,BHS,0,10,10,0,5,0,10,5,10,0,5,10,5,10,5,10,10,10,10,10,0,0,10,0,0,15,15,10,15,10,5,15,5,10,5,20,20,15,15,10,10,20,10,25,10,15,15,15,20,10,15,25,30,10,25,25,15,10,15,10,15,15,0,0,15,10,15,5,5,5,10,5,35,15,25,20,20,40,30,35,40,35
Bahrain,Asia,BHR,0,5,0,5,0,5,0,0,0,0,10,0,5,0,0,0,0,0,0,0,0,0,0,0,10,0,0,5,0,0,0,0,10,0,0,0,0,10,0,5,10,0,0,10,0,0,0,0,5,0,5,5,0,0,10,0,0,0,0,0,0,0,0,0,0,0,0,0,0,0,5,0,0,0,0,0,0,0,0,5,0,0
Bangladesh,Asia,BGD,110,145,315,260,325,290,280,290,345,465,250,235,240,310,345,320,270,265,325,215,250,270,225,195,185,205,295,275,350,305,390,250,295,230,145,265,190,295,335,260,280,330,290,225,315,265,215,200,180,215,305,320,250,395,345,255,430,285,255,165,195,270,200,40,125,125,165,120,95,120,120,55,230,175,180,130,145,305,285,235,320,335
Barbados,North America,BRB,0,10,10,15,15,10,15,15,20,15,10,10,15,5,10,15,15,10,15,15,20,5,10,0,15,20,15,15,10,10,10,15,10,20,15,35,15,10,20,15,10,10,10,20,10,30,15,15,15,25,20,25,30,25,20,35,25,15,15,10,30,20,10,0,15,10,10,5,10,10,0,5,15,10,25,15,25,20,15,25,30,10
Belarus,Europe,BLR,10,15,10,15,15,20,5,35,25,20,20,20,25,20,30,25,50,25,35,25,40,25,30,10,10,25,45,40,30,55,15,15,35,20,10,10,20,25,25,20,20,35,10,15,20,30,25,10,10,10,15,10,30,35,25,20,30,25,25,10,10,10,20,0,5,20,10,15,10,10,10,5,15,10,15,10,5,25,20,10,15,10
Belgium,Europe,BEL,25,15,20,35,55,30,45,35,35,35,25,20,35,30,45,50,55,50,40,35,25,30,25,35,50,60,35,35,40,60,50,50,35,35,30,35,20,30,45,25,25,45,40,55,40,40,30,20,20,25,45,45,40,35,55,55,35,45,30,35,40,40,35,0,35,30,30,25,40,35,20,20,50,40,55,30,25,55,65,45,45,50
Belize,North America,BLZ,0,0,0,0,0,0,5,5,0,0,0,0,5,10,10,0,5,10,0,0,5,5,0,0,5,5,15,0,5,5,5,5,15,5,5,0,5,0,5,5,0,10,5,0,10,5,15,0,0,5,5,5,5,10,5,5,0,0,0,5,10,5,5,0,0,0,0,0,0,5,5,0,0,5,5,0,0,0,10,5,10,15
Benin,Africa,BEN,10,15,35,35,15,35,20,15,20,40,5,15,30,30,20,25,30,30,20,35,20,20,20,15,10,15,20,15,20,20,25,15,20,15,15,10,20,25,20,15,55,80,95,40,45,45,20,25,10,20,15,30,15,30,60,15,45,30,25,40,30,30,10,0,0,15,30,40,25,20,10,15,30,30,15,15,10,35,35,20,40,30
Bermuda,North America,BMU,0,0,0,0,0,0,0,0,0,0,0,0,0,0,0,0,0,0,0,0,0,0,0,0,0,0,0,0,0,0,0,0,0,0,0,0,0,0,0,0,0,0,0,0,0,0,0,0,0,0,0,0,0,0,0,0,0,0,0,0,0,0,0,0,0,0,0,0,0,0,0,0,0,0,0,0,0,0,0,0,0,0
Bhutan,Asia,BTN,0,10,55,5,0,10,50,20,90,80,35,55,0,10,10,10,15,15,20,0,20,5,0,0,10,25,15,0,5,0,0,0,0,0,0,0,5,0,0,0,0,5,0,0,0,0,0,0,0,0,0,0,0,0,0,0,0,5,0,0,0,0,0,0,0,0,0,0,0,0,0,0,0,0,0,0,0,5,0,0,0,0
Bolivia,South America,BOL,0,15,5,0,5,5,5,5,10,0,5,5,0,5,15,10,25,0,15,5,5,15,5,10,5,15,10,0,0,0,15,10,5,10,5,10,10,15,10,15,15,10,15,10,10,0,5,5,5,5,5,5,20,10,10,10,10,20,5,5,15,20,15,0,0,5,10,0,10,5,5,0,15,5,15,10,5,10,10,35,5,5
Bosnia and Herzegovina,Europe,BIH,20,10,15,15,25,20,15,15,15,15,10,15,5,25,20,10,25,15,10,5,10,15,5,0,10,10,0,5,10,10,0,10,10,10,10,10,0,10,20,10,20,10,10,15,20,15,15,10,20,10,5,0,5,10,15,10,10,10,10,10,15,5,0,0,0,0,0,0,0,5,5,0,10,5,0,0,5,0,0,5,10,15
Botswana,Africa,BWA,15,5,10,10,5,15,0,5,10,5,5,5,5,10,10,15,5,5,0,5,0,0,0,0,5,0,10,15,0,5,5,10,0,0,5,5,10,5,10,5,5,5,0,0,5,5,0,0,0,0,5,0,10,0,15,10,0,0,5,0,0,10,0,0,0,0,0,0,5,0,0,0,0,0,0,0,0,5,10,10,5,5
Brazil,South America,BRA,100,115,155,155,215,175,220,165,135,110,90,95,125,145,190,135,155,215,170,115,105,110,115,145,185,165,155,205,210,225,235,300,295,270,250,255,445,410,370,340,280,310,320,320,320,330,260,240,285,195,445,380,495,505,525,715,590,485,405,265,465,480,310,100,340,560,135,120,320,325,355,195,700,715,660,670,595,1265,1115,1195,1155,1200
Brunei Darussalam,Asia,BRN,0,0,0,0,0,0,0,0,0,0,5,0,0,0,0,0,0,0,0,0,0,0,0,0,0,0,0,0,0,0,0,0,0,0,0,0,0,0,0,0,0,0,0,0,0,0,0,0,0,0,0,0,0,0,0,0,0,0,0,0,0,0,0,0,0,0,0,0,0,0,0,0,0,0,0,0,0,0,0,0,0,0
Bulgaria,Europe,BGR,20,10,20,35,35,30,25,35,25,55,50,30,35,25,50,30,30,45,20,20,40,20,40,15,20,35,20,30,30,35,25,25,15,40,10,20,10,15,10,25,20,15,15,10,20,15,15,15,10,10,20,15,20,10,20,10,15,20,5,10,15,20,5,5,0,10,0,0,10,10,10,10,10,5,15,10,10,15,15,25,25,5
Burkina Faso,Africa,BFA,10,10,15,15,15,40,35,20,20,15,20,25,15,30,35,5,10,40,20,40,30,25,5,25,15,25,45,25,25,10,25,20,20,10,15,25,15,25,25,25,20,15,45,45,25,25,15,15,0,10,15,10,15,20,35,35,20,25,30,15,25,20,15,0,5,0,15,25,25,15,15,15,30,20,10,20,20,30,20,25,50,35
Burundi,Africa,BDI,10,10,270,100,70,80,150,40,55,45,45,70,20,40,40,40,60,55,60,35,75,85,75,50,25,60,35,65,60,130,105,40,80,35,45,120,50,75,110,50,65,80,100,70,145,140,100,110,140,105,110,145,145,145,255,80,130,125,85,95,65,70,70,0,40,25,20,35,90,140,80,170,125,85,50,70,35,75,110,105,130,150
Cambodia,Asia,KHM,10,5,15,10,10,10,30,10,15,35,15,40,20,25,25,15,20,25,25,20,25,20,20,15,20,20,30,15,20,20,15,30,15,20,5,15,10,5,20,25,25,25,15,10,15,10,20,25,20,15,20,15,35,20,20,15,30,15,15,20,10,25,25,0,10,20,10,5,5,10,15,10,10,5,0,10,5,10,15,5,15,10
Cameroon,Africa,CMR,75,85,150,150,160,200,315,160,225,130,180,200,135,155,170,120,185,195,245,205,215,165,155,155,170,190,205,185,185,295,215,145,195,155,185,160,95,170,185,210,160,225,280,220,205,190,150,185,95,115,165,150,190,320,295,240,470,325,310,270,255,270,170,15,30,45,220,155,140,90,105,95,150,195,135,130,140,190,235,195,305,285
Cape Verde Islands,Africa,COK,0,0,0,0,0,0,0,0,0,0,0,0,0,0,0,0,0,0,0,0,0,0,0,0,0,0,0,0,0,0,0,0,0,0,0,0,0,0,0,0,0,0,0,0,0,0,0,0,0,0,0,0,0,0,0,0,0,0,0,0,0,0,0,0,0,0,0,0,0,0,0,0,0,0,0,0,0,0,0,0,0,0
Central African Republic,Africa,CAF,10,15,0,5,25,10,55,20,25,80,120,90,0,15,0,10,5,0,30,0,10,10,5,5,0,40,45,15,25,20,30,15,10,10,20,0,0,30,10,0,0,0,45,10,45,30,30,45,10,10,0,25,0,40,25,15,115,45,15,75,0,10,35,0,0,0,0,0,0,0,25,35,0,5,15,0,5,0,15,0,5,10
Chad,Africa,TCD,0,0,0,5,0,0,10,5,25,10,5,10,5,5,5,5,10,20,10,15,5,10,0,0,0,0,15,20,10,15,25,10,5,0,5,15,5,20,20,5,15,10,15,20,5,30,40,20,20,5,10,20,20,10,30,10,15,20,5,20,5,15,0,0,10,5,0,0,0,10,5,0,20,20,15,10,10,20,15,15,25,25
Chile,South America,CHL,10,5,30,30,20,30,35,25,20,25,15,10,10,25,25,25,35,25,15,20,25,15,15,15,25,20,25,40,25,25,20,40,20,25,25,20,45,35,30,30,30,35,40,40,20,15,20,30,30,35,30,30,50,45,40,50,45,25,50,25,40,40,25,5,25,40,25,20,15,25,20,30,60,55,30,30,50,55,70,100,75,65
China,Asia,CHN,950,1570,1655,1415,1440,1760,2100,1775,1810,2010,1450,1520,1700,2085,2430,2965,2195,3180,2960,2445,2100,1875,1455,1395,2260,2505,3025,3220,2500,2960,2735,2715,2305,2410,1610,2005,2080,2625,2685,2545,2480,2685,2605,2675,2520,2725,2060,2025,1880,2215,2745,2820,3065,2610,2835,2870,2985,2630,1885,1705,2870,2360,1390,480,1010,1960,860,775,1340,1400,1325,745,2230,2015,2020,2000,1495,2900,3260,2595,3075,3405
Colombia,South America,COL,125,200,265,225,210,230,195,165,135,140,130,160,160,185,210,285,240,270,260,215,160,230,140,90,135,195,275,205,260,215,260,165,110,100,125,185,145,180,195,255,140,190,270,185,200,190,175,140,140,125,160,165,250,285,205,235,235,180,150,145,205,225,110,30,105,135,70,60,105,185,195,105,255,240,235,255,295,370,350,385,420,400
Comoros,Africa,COM,0,0,0,0,5,0,0,0,0,0,0,0,0,0,0,0,0,0,0,0,0,0,0,0,0,0,0,0,0,0,0,0,0,0,0,0,0,0,0,0,0,0,0,0,0,0,0,0,0,0,0,0,0,0,0,0,0,0,0,0,0,0,0,0,0,0,0,0,0,0,0,0,0,0,0,0,0,0,0,0,0,0
Congo,Africa,COD,70,105,175,75,125,135,95,90,170,175,180,280,110,140,210,185,330,355,245,130,275,185,175,150,100,125,185,155,295,290,265,110,305,105,185,235,140,255,240,165,235,190,130,100,260,195,200,275,80,100,170,120,225,235,240,140,405,255,160,160,110,105,160,0,35,30,30,65,45,85,100,95,105,70,75,80,90,140,190,110,265,285
Congo,Africa,COG,0,0,10,10,10,0,10,20,10,20,20,25,15,10,10,10,10,30,20,15,30,20,10,15,0,10,10,20,20,20,15,10,5,15,15,20,5,20,25,10,25,10,10,10,15,20,15,30,10,10,10,15,15,10,15,15,20,20,20,10,10,10,0,0,0,5,10,5,10,5,5,15,15,10,15,20,15,15,25,15,20,20
Costa Rica,North America,CRI,10,10,10,0,10,15,5,20,15,5,5,10,10,15,20,15,10,0,15,10,10,10,10,10,10,10,15,15,10,10,15,20,0,10,5,15,25,10,20,15,15,10,10,15,15,10,10,5,10,10,10,15,30,15,15,15,20,15,20,10,15,25,15,0,15,5,0,5,10,5,5,0,15,20,15,5,20,25,30,25,25,30
Croatia,Europe,HRV,15,20,50,35,30,45,50,80,45,55,60,25,50,65,70,50,65,70,50,35,40,50,30,55,80,55,70,45,45,50,60,40,20,25,50,40,60,45,35,45,70,50,45,40,50,45,20,35,30,25,40,25,45,50,45,55,40,35,15,20,45,25,5,0,20,30,20,10,25,10,20,5,25,20,15,10,25,25,25,25,35,15
Cuba,North America,CUB,45,75,90,80,80,65,50,70,60,75,70,75,70,90,115,110,85,120,150,105,60,70,70,65,60,85,90,85,80,65,85,70,50,50,85,80,45,25,85,45,50,75,85,75,80,110,65,40,60,50,60,50,30,45,35,55,70,50,55,40,55,50,40,0,15,0,0,10,15,35,115,75,45,35,45,30,40,45,105,65,60,85
Curacao,South America,CUW,0,0,0,0,0,0,0,0,0,0,0,0,0,0,0,0,0,0,0,0,0,0,0,0,0,0,0,0,0,0,0,0,0,0,0,0,0,0,0,0,0,0,0,0,0,0,0,0,0,0,0,0,0,0,0,0,0,0,0,0,0,0,0,0,0,0,0,0,0,0,0,0,0,0,0,0,0,0,0,0,0,0
Cyprus,Europe,CYP,0,0,0,0,0,0,0,10,0,5,0,0,0,0,5,0,0,0,0,0,0,0,0,0,0,0,0,0,0,5,0,0,0,0,0,0,0,0,0,0,0,5,5,0,0,0,0,0,5,0,0,0,0,0,0,0,0,0,0,0,0,0,0,0,0,0,0,0,0,0,0,0,0,0,0,0,0,0,0,0,5,0
Czech Republic,Europe,CZE,15,25,30,25,25,15,20,25,35,25,20,20,35,25,35,25,35,30,30,30,15,25,30,15,35,35,30,15,35,30,15,20,10,25,30,30,40,25,35,50,20,40,40,40,25,35,25,20,20,20,25,40,40,45,35,45,50,25,15,15,25,15,15,5,20,25,15,15,15,30,15,10,20,35,20,35,25,30,35,45,30,25
Denmark,Europe,DNK,0,5,0,10,0,5,0,5,0,15,10,10,10,5,10,5,15,5,10,10,5,5,0,5,5,0,10,10,5,10,0,5,10,0,15,10,10,10,10,10,5,0,15,15,0,10,0,5,10,0,10,0,5,5,0,10,10,5,5,5,10,0,5,0,10,15,5,0,5,5,5,0,5,5,10,10,10,15,15,10,10,10
Djibouti,Africa,DJI,0,5,15,15,15,15,20,5,20,10,15,10,10,30,25,15,25,15,35,20,40,10,20,20,20,30,25,15,20,20,20,10,5,0,5,10,10,20,20,15,10,5,20,15,15,15,20,35,40,30,15,25,15,30,30,20,20,10,10,10,40,15,15,0,50,20,25,40,85,40,20,5,40,35,20,30,10,10,20,10,25,35
Dominica,North America,DMA,0,0,0,0,0,5,0,0,0,0,0,0,0,0,0,0,0,5,5,0,0,0,0,0,0,0,0,0,0,5,0,10,0,0,0,0,0,0,0,0,0,10,5,0,0,0,0,0,0,0,0,5,0,0,0,0,0,0,0,0,5,5,0,0,0,0,0,0,0,5,0,0,10,0,0,0,5,5,5,0,0,5
Dominican Republic,North America,DOM,35,35,35,60,40,60,90,50,45,65,55,30,35,55,45,45,90,75,65,65,40,30,25,30,60,40,60,50,35,65,55,50,60,55,60,70,75,55,50,70,55,75,80,85,75,55,45,55,40,40,85,50,65,55,65,60,55,55,45,35,60,60,55,0,20,15,30,25,30,15,30,50,85,85,45,35,30,95,95,85,90,115
East Timor,Asia,TLS,0,0,0,0,0,0,0,0,0,0,0,0,0,0,0,0,0,0,0,0,0,0,0,0,0,0,0,0,0,0,0,0,0,0,0,0,0,0,0,0,0,0,0,0,0,0,0,0,0,0,0,0,0,0,0,0,0,0,0,0,0,0,0,0,0,0,0,0,0,0,0,0,0,0,0,0,0,0,0,0,0,0
Ecuador,South America,ECU,15,10,15,30,15,20,25,30,15,25,10,15,20,10,15,25,35,30,20,25,35,15,15,10,20,15,15,15,25,15,15,20,20,10,10,20,20,20,25,25,15,40,30,15,30,35,20,15,10,20,40,25,25,30,30,25,35,20,25,15,30,20,15,5,15,10,5,5,15,10,10,15,35,50,30,30,35,40,75,60,60,65
Egypt,Africa,EGY,175,165,245,265,410,495,565,455,415,240,155,175,200,215,340,310,330,335,485,295,235,125,110,110,125,180,205,195,220,335,310,335,275,235,205,250,220,215,330,270,255,505,355,370,290,290,215,200,195,170,315,280,290,495,430,390,335,295,240,225,210,165,155,65,95,140,230,205,175,170,165,130,370,265,190,185,165,260,270,245,365,330
El Salvador,North America,SLV,30,25,55,40,65,75,60,55,75,80,45,55,25,45,95,60,100,75,65,50,40,40,25,10,55,55,55,70,80,60,95,70,20,45,55,60,60,45,55,75,60,50,50,75,50,65,45,50,35,55,70,40,75,80,80,105,65,55,40,40,80,50,35,5,40,40,25,15,35,40,55,45,80,60,55,65,60,105,95,60,60,80
Equatorial Guinea,Africa,GNQ,0,0,0,0,0,0,0,0,0,0,0,0,0,0,0,0,0,0,0,0,0,0,0,0,0,0,0,0,0,0,0,0,0,0,0,0,0,0,0,0,0,0,0,0,0,0,0,0,0,0,0,0,0,0,0,0,0,0,0,0,0,0,0,0,0,0,0,0,0,0,0,0,0,0,0,0,0,0,0,0,0,0
Eritrea,Africa,ERI,115,170,250,165,150,255,195,165,175,175,230,165,230,250,265,355,470,480,330,835,360,425,375,280,455,535,650,350,440,345,490,305,230,235,260,395,205,370,420,400,555,465,425,260,740,660,645,545,370,475,595,490,695,625,600,335,945,895,530,470,405,425,315,45,85,60,100,80,200,320,270,335,215,205,210,230,190,320,225,260,485,780
Estonia,Europe,EST,0,0,10,0,0,10,5,0,5,10,0,5,10,0,10,0,5,0,0,0,0,0,0,0,0,0,10,0,5,0,0,0,5,0,0,0,0,0,0,0,5,0,0,0,0,10,0,5,0,0,0,5,0,0,5,5,0,5,0,0,0,0,0,0,0,0,0,0,0,0,0,0,5,5,0,5,5,0,0,5,0,0
Ethiopia,Africa,ETH,65,85,110,105,110,150,130,75,145,160,70,150,125,140,160,155,160,290,165,140,165,175,135,120,115,135,185,145,195,205,195,110,205,105,155,160,120,125,165,125,190,140,145,120,310,215,195,170,145,165,170,195,215,255,225,125,345,260,140,235,125,145,165,15,60,45,40,50,90,125,135,100,120,95,115,105,120,140,105,140,260,310
Fiji,Oceania,FJI,10,25,15,30,10,10,20,15,25,15,25,25,15,25,20,20,10,15,20,20,15,10,10,5,20,10,5,10,10,20,15,20,5,10,10,15,10,10,5,25,20,15,20,10,5,5,10,15,20,5,15,10,20,10,10,20,15,10,15,5,15,10,5,0,5,0,0,0,5,0,0,5,10,5,0,5,0,10,5,0,10,0
Finland,Europe,FIN,5,0,0,10,15,5,0,15,5,0,10,10,5,5,10,10,5,10,5,0,0,15,5,5,10,10,0,10,0,15,10,0,15,10,5,10,0,0,15,10,5,10,15,5,5,15,5,5,10,10,15,10,20,10,10,10,10,5,0,0,5,5,5,0,10,10,5,0,10,10,0,5,0,25,5,5,10,10,0,5,15,15
France,Europe,FRA,300,315,515,605,525,675,680,740,435,390,320,340,460,680,750,555,690,730,600,550,355,325,235,460,625,660,715,605,555,645,545,605,475,410,370,410,520,500,530,530,470,505,635,810,640,525,270,240,245,285,320,335,350,480,505,465,425,510,580,460,745,490,335,90,330,255,295,165,585,615,460,240,1285,890,950,775,595,1335,1300,1170,1285,930
Gabon,Africa,GAB,0,0,5,15,5,0,10,0,0,0,0,5,0,5,0,10,0,10,0,0,0,5,0,0,0,5,10,0,0,0,5,0,0,0,0,10,0,0,0,0,0,0,10,5,0,0,0,10,5,0,0,0,0,0,10,0,5,0,0,10,0,0,0,0,0,0,0,0,0,0,0,0,0,5,0,0,0,0,0,0,10,0
Gambia,Africa,GMB,0,0,0,5,0,10,0,0,5,0,0,0,0,0,0,5,10,10,0,0,5,0,5,0,0,0,0,0,15,5,5,0,0,0,0,20,10,10,0,0,0,0,5,0,0,5,5,10,5,0,0,0,0,0,5,0,5,0,15,0,0,0,0,0,10,0,0,0,0,0,0,0,5,5,0,5,5,10,15,5,20,5
Georgia,Europe,GEO,10,0,0,5,5,5,15,10,10,10,10,15,10,10,20,10,10,10,15,10,5,0,10,10,0,15,20,15,20,15,10,5,15,5,10,5,10,10,5,10,5,20,10,10,15,10,25,25,15,15,15,25,35,15,10,5,15,15,10,10,25,10,15,0,0,0,5,15,10,5,10,5,25,25,20,10,15,15,15,10,25,10
Germany,Europe,DEU,80,65,85,120,125,130,120,155,120,120,90,70,105,115,140,115,135,135,100,75,90,65,70,60,130,130,110,105,85,75,90,95,80,85,80,75,95,105,155,95,125,95,120,120,110,100,85,70,75,80,115,110,140,180,150,170,145,170,120,65,105,85,100,15,60,80,70,35,85,55,60,30,85,75,95,110,65,135,170,145,165,115
Ghana,Africa,GHA,25,45,40,30,30,30,25,40,25,40,15,30,30,40,45,50,60,45,40,20,25,50,35,40,50,30,65,45,60,45,60,40,80,60,65,85,55,60,85,60,40,80,80,70,90,85,80,110,50,65,85,100,95,105,125,100,105,65,70,55,90,65,70,15,45,40,35,25,55,40,30,40,75,70,85,55,65,85,90,75,90,110
Greece,Europe,GRC,10,30,55,35,40,35,40,65,50,35,45,40,35,25,50,40,40,50,30,45,35,30,20,25,40,20,35,35,50,30,25,45,25,40,25,35,35,25,40,50,30,25,20,45,45,40,35,20,20,25,35,25,40,50,45,40,40,45,30,20,25,25,25,15,15,20,20,15,20,20,25,15,45,40,15,30,15,35,40,40,50,45
Grenada,North America,GRD,5,10,5,10,15,10,10,5,10,5,15,15,5,10,10,15,15,5,10,15,15,5,5,0,10,5,10,10,10,10,5,10,10,10,5,25,5,5,10,10,10,20,5,5,15,10,5,10,5,5,5,5,5,10,5,0,10,10,5,0,0,5,10,0,5,0,0,5,0,0,5,0,15,10,0,10,0,10,10,10,10,15
Guatemala,North America,GTM,10,5,30,20,15,25,15,30,25,30,25,10,25,0,10,20,20,30,20,20,10,10,5,20,15,15,20,15,20,35,25,20,15,20,15,30,20,15,5,10,25,25,30,15,15,25,20,20,15,15,20,20,25,15,25,25,10,10,15,15,20,25,10,0,15,0,5,5,5,10,20,15,15,30,20,15,20,20,30,25,15,55
Guinea,Africa,GIN,20,15,20,15,15,15,20,25,35,30,25,15,15,30,25,40,30,45,65,55,30,30,20,30,35,35,40,40,40,25,45,35,15,15,25,25,25,35,25,20,25,30,60,25,15,20,35,35,25,20,20,10,35,25,55,15,45,30,20,15,15,20,20,0,10,15,15,30,20,10,20,20,20,20,25,20,20,25,55,20,45,45
Guinea-Bissau,Africa,GNB,0,0,0,0,0,0,0,0,0,0,0,0,0,0,0,0,0,0,0,0,0,0,0,0,0,0,0,0,0,0,0,0,0,0,0,0,0,0,0,0,0,0,0,0,0,0,0,0,0,0,0,0,0,0,0,0,0,0,0,0,0,0,0,0,0,0,0,0,0,0,0,0,0,0,0,0,0,0,0,0,0,0
Guyana,South America,GUY,30,35,55,60,40,55,50,45,40,50,30,55,45,25,55,45,60,55,40,45,50,35,30,25,25,35,65,35,50,20,30,30,40,25,30,45,35,25,35,40,45,30,60,20,30,25,45,35,25,25,30,45,50,45,35,30,30,40,25,30,35,30,20,5,5,15,5,10,20,30,30,15,30,20,25,40,35,45,40,50,60,55
Haiti,North America,HTI,105,130,185,165,240,265,255,220,280,200,260,410,255,200,265,315,295,335,290,265,220,200,175,115,125,105,170,240,210,265,260,175,160,180,260,205,155,265,230,190,195,150,155,145,110,170,150,195,120,65,140,95,105,155,160,120,125,125,130,120,115,105,85,0,100,45,75,75,105,125,105,50,110,135,105,115,155,150,175,215,400,490
Honduras,North America,HND,5,20,35,40,40,55,50,45,45,40,30,20,20,25,30,45,40,40,40,40,30,15,25,10,20,25,40,45,35,55,35,25,25,30,25,20,35,20,25,30,40,30,30,40,35,30,40,35,25,20,30,30,25,30,45,15,40,25,20,20,25,20,25,0,25,15,20,10,10,30,15,10,40,25,35,25,20,30,45,35,50,40
Hong Kong,Asia,HKG,60,65,75,40,70,80,75,110,75,80,65,95,100,95,125,125,105,165,175,150,105,75,50,100,90,100,115,150,130,125,110,140,95,90,85,135,100,120,125,135,120,155,165,175,105,115,80,130,90,95,115,130,140,140,150,185,140,130,120,110,155,170,85,30,55,105,85,70,95,65,90,50,90,85,70,90,95,140,235,240,320,370
Hungary,Europe,HUN,40,35,75,50,75,60,45,80,65,80,115,40,55,65,35,40,65,60,50,30,30,25,25,30,45,85,85,60,85,75,80,45,25,30,35,45,60,25,55,65,85,75,60,60,55,80,70,60,55,35,85,50,90,100,85,70,75,65,65,30,100,100,25,5,70,25,40,25,80,65,55,15,120,45,75,45,30,40,45,55,80,65
Iceland,Europe,ISL,0,0,0,0,5,0,0,5,10,5,0,0,0,0,0,0,0,0,0,0,0,0,0,0,0,0,5,5,0,0,0,0,0,0,0,0,0,0,5,0,5,0,0,0,0,0,10,0,5,0,0,0,5,0,5,10,5,5,0,0,0,0,0,0,0,0,0,0,0,0,0,0,0,0,0,0,0,0,0,0,0,0
India,Asia,IND,1560,1980,2630,2965,3480,4195,4660,3645,4520,3860,3085,2755,2385,3155,4705,5045,4970,4750,3245,2195,2310,2395,2050,2500,3350,3400,4340,3845,4255,4635,4230,3960,4760,4970,4870,4970,5870,6120,7310,7225,6820,6135,5775,4710,5835,5140,4550,4495,3905,4820,6870,6650,8855,8325,9415,8355,9260,8020,6210,4910,5375,6520,4765,865,2285,6710,3215,2790,2865,2660,2960,1865,5695,6295,6420,5440,3865,11620,12370,13080,15715,16165
Indonesia,Asia,IDN,20,10,10,35,35,30,40,40,25,40,45,50,50,35,45,50,40,40,50,25,25,35,25,25,35,30,35,35,35,65,35,35,55,35,45,60,25,40,40,40,30,40,50,40,30,35,35,40,35,35,35,30,40,55,60,60,50,40,25,45,30,35,25,15,20,55,10,15,30,10,35,15,30,45,30,55,30,55,85,50,50,50
Iran,Asia,IRN,1060,1050,1730,930,1095,1495,1235,690,760,700,450,435,425,460,805,670,765,955,625,465,365,390,280,260,265,390,750,425,510,665,540,295,260,250,185,200,170,225,410,420,540,695,630,570,540,560,375,370,240,305,490,500,845,705,640,375,565,515,425,450,495,520,210,230,270,390,410,210,295,280,265,240,645,880,605,690,540,995,1290,1055,1080,1145
Iraq,Asia,IRQ,70,190,190,170,330,365,535,285,460,500,555,330,165,160,240,230,310,440,255,280,130,80,65,65,155,445,270,280,460,490,685,310,445,255,385,560,305,305,670,535,675,505,485,270,410,315,420,440,275,400,395,440,450,425,545,360,420,395,220,110,250,305,150,10,35,50,100,115,225,145,270,295,170,145,125,80,145,110,125,165,235,590
Ireland,Europe,IRL,100,85,125,180,180,170,230,290,230,225,220,120,230,200,245,185,295,180,195,175,125,140,135,145,240,235,200,175,120,120,180,135,140,170,120,140,250,195,195,135,160,170,130,155,135,80,75,95,125,80,155,125,135,125,150,200,205,115,115,90,130,140,70,45,105,225,50,25,45,75,90,35,150,140,230,190,160,425,320,315,200,190
Israel,Asia,ISR,45,115,145,155,175,205,210,370,295,215,115,120,155,210,265,300,285,290,185,250,135,155,110,105,190,130,225,105,155,210,175,220,160,125,80,95,120,175,155,150,145,185,170,210,145,140,110,95,55,75,85,110,130,115,145,220,105,130,100,50,80,90,110,20,55,95,65,60,70,50,50,20,60,55,65,80,65,120,120,120,115,110
Italy,Europe,ITA,45,35,60,95,85,85,100,105,90,80,60,45,85,90,120,85,105,90,85,80,75,70,50,65,100,85,125,110,90,70,80,90,80,85,75,70,120,95,105,140,80,85,105,105,105,100,70,70,70,80,115,65,105,160,180,185,150,110,100,85,145,105,50,20,45,85,65,25,100,60,45,15,155,110,90,110,90,190,175,145,180,170
Ivory Coast,Africa,KEN,70,55,70,110,125,115,200,90,165,145,85,140,75,120,115,90,115,140,195,145,230,165,145,230,115,105,130,180,130,180,105,110,95,50,130,65,50,80,125,145,130,220,200,165,95,80,85,105,50,45,60,65,90,230,240,180,270,235,210,180,175,225,120,0,20,20,170,255,95,60,30,25,45,85,60,45,40,75,125,90,165,120
Jamaica,North America,JAM,180,175,280,285,340,345,400,355,280,245,225,310,250,240,290,250,320,320,380,350,275,205,245,435,365,365,390,270,295,290,330,275,305,240,250,455,295,330,400,275,305,305,375,410,285,275,275,335,270,230,370,275,315,375,410,405,370,335,280,340,255,255,260,35,125,190,140,140,170,185,155,125,190,165,170,185,130,310,430,460,465,505
Japan,Asia,JPN,55,65,75,80,75,110,100,110,95,90,70,75,80,85,105,85,110,115,95,90,70,70,70,60,130,110,110,105,85,95,85,70,75,80,70,75,90,80,100,75,90,115,75,105,65,80,95,70,60,60,85,95,115,125,110,140,85,85,80,70,100,70,55,15,50,60,35,30,65,50,45,40,70,100,75,85,55,130,160,140,165,145
Jordan,Asia,JOR,85,65,70,80,70,95,245,100,110,50,70,70,100,80,85,90,70,95,115,100,55,40,35,50,65,40,55,60,50,100,90,120,55,50,40,65,75,60,80,60,65,100,100,100,90,110,65,80,55,50,40,70,60,105,125,140,110,125,45,75,60,75,35,10,40,40,55,40,50,70,50,15,45,50,40,35,70,95,95,85,110,90
Kazakhstan,Asia,KAZ,20,15,15,25,20,45,25,25,40,30,40,35,15,35,20,40,20,50,45,55,60,25,10,20,30,15,30,25,30,35,20,40,25,35,20,30,45,35,30,30,45,35,50,40,35,20,30,10,20,20,25,20,50,45,60,55,25,35,20,30,45,50,20,10,20,35,15,25,25,20,20,5,30,40,20,25,35,55,40,50,30,35
Kenya,Africa,KEN,15,20,30,25,40,40,30,30,30,35,40,40,30,30,50,35,55,55,45,35,30,20,40,40,25,25,45,35,55,45,40,40,35,45,35,45,40,45,45,45,40,35,30,35,40,40,35,35,40,25,35,45,65,45,50,40,60,30,50,30,40,25,30,0,15,35,10,45,25,25,30,15,40,40,40,45,35,80,90,50,115,95
Kiribati,Oceania,KIR,0,0,0,0,0,0,0,0,0,0,0,0,0,0,0,0,0,0,0,0,0,0,0,0,0,0,0,0,0,0,0,0,0,0,0,0,0,0,0,0,0,0,0,0,0,0,0,0,0,0,0,0,0,0,0,0,0,0,0,0,0,0,0,0,0,0,0,0,0,0,0,0,0,0,0,0,0,0,0,0,0,0
"Korea, North",Asia,PRK,0,0,0,0,0,0,0,0,0,0,0,0,0,0,0,0,0,0,0,0,0,0,0,0,0,0,0,0,5,0,0,0,0,0,0,0,0,0,0,0,0,0,0,0,0,0,0,0,0,0,0,0,0,0,0,0,0,0,0,0,0,0,0,0,0,5,0,0,0,5,0,0,0,0,0,0,0,0,0,0,0,0
"Korea, South",Asia,KOR,175,235,395,485,380,400,395,395,325,400,295,225,405,475,450,330,420,430,320,210,215,190,245,320,520,450,440,310,305,330,260,265,205,290,285,310,445,480,515,410,360,380,435,390,350,440,295,300,350,305,520,380,665,620,680,725,475,575,475,340,500,385,260,70,265,355,205,135,340,315,305,155,550,450,375,405,300,960,835,895,870,945
Kosovo,Europe,KWT,25,25,15,20,25,20,10,5,20,45,15,15,15,25,15,10,25,30,15,10,20,10,15,5,15,15,10,10,20,10,20,5,10,15,5,10,5,25,10,25,25,25,15,15,35,20,20,10,5,15,15,15,15,10,10,15,15,10,5,30,20,15,10,0,5,0,15,15,10,5,20,5,5,5,15,5,15,10,15,15,25,15
Kuwait,Asia,KWT,0,0,0,0,0,0,0,0,0,0,0,0,0,10,5,0,0,10,0,0,0,0,0,0,0,0,0,0,5,0,0,0,0,0,0,0,5,0,0,0,0,0,0,0,0,0,0,0,0,0,0,0,0,0,0,15,0,0,0,0,0,0,0,0,0,0,0,0,0,0,0,0,0,0,0,0,5,0,0,0,0,0
Kyrgyzstan,Asia,KGZ,0,0,15,0,5,15,5,15,20,15,25,10,5,15,15,40,25,20,35,20,25,30,15,5,0,0,15,20,20,10,15,0,25,10,5,0,5,10,15,10,20,20,5,10,25,15,20,5,5,0,10,10,15,30,10,5,10,0,10,5,10,0,10,0,0,0,0,0,5,15,5,0,0,10,0,0,5,15,20,0,5,5
Lao People's Democratic Republic,Asia,LAO,0,0,5,0,0,0,0,0,0,0,0,0,0,0,0,0,0,0,0,0,0,0,0,0,0,0,0,0,0,0,5,0,0,0,0,0,0,0,0,0,0,0,0,0,0,0,0,0,0,0,0,0,0,5,0,0,0,0,0,0,0,0,0,0,0,0,0,0,0,0,0,0,0,0,0,0,0,0,0,0,0,0
Latvia,Europe,LVA,15,5,5,5,10,10,15,15,15,15,10,5,5,10,15,10,20,20,15,0,5,10,15,10,10,15,15,10,10,10,5,15,0,5,0,10,10,10,10,10,10,0,0,5,0,10,5,0,0,0,5,10,0,10,0,10,20,10,5,5,0,5,0,0,10,5,0,0,0,0,0,0,5,5,5,0,0,25,10,0,5,0
Lebanon,Asia,LBN,105,85,165,155,205,250,310,185,205,145,115,180,120,130,220,180,200,220,215,200,165,105,70,90,70,60,115,80,95,160,210,120,155,115,85,95,80,125,135,80,85,175,150,155,120,120,120,160,90,110,145,155,130,240,270,190,170,155,145,160,150,155,165,15,45,60,200,80,90,115,105,95,105,85,70,120,85,155,315,195,210,170
Lesotho,Africa,LSO,0,0,0,0,0,0,0,0,0,0,0,0,0,0,0,0,0,0,0,0,0,0,0,0,0,0,0,0,0,0,0,0,0,0,0,0,0,0,0,0,0,0,0,0,0,0,0,0,0,0,0,0,0,0,0,0,0,0,0,0,0,0,0,0,0,0,0,0,0,0,0,0,0,0,0,0,0,0,0,0,0,0
Liberia,Africa,LBR,0,5,30,10,0,5,0,50,10,5,15,20,0,5,0,15,10,0,40,10,60,0,0,0,0,0,0,0,5,0,5,0,20,0,10,5,0,0,0,0,10,0,5,0,0,5,35,15,5,5,0,5,0,0,0,0,0,0,10,5,0,0,0,0,0,0,0,0,0,0,0,5,0,0,5,0,5,0,0,0,0,10
Libya,Africa,LBY,10,10,15,15,15,5,30,40,30,35,20,20,15,20,20,50,60,50,15,25,10,15,15,15,35,40,65,25,50,50,80,35,20,15,20,55,15,40,45,40,35,40,50,50,25,30,55,35,70,40,45,85,50,50,45,50,40,40,40,60,60,45,60,15,35,25,25,40,50,65,55,15,80,90,55,85,80,65,75,55,70,85
Liechtenstein,Europe,LIE,0,0,0,0,0,0,0,0,0,0,0,0,0,0,0,0,0,0,0,0,0,0,0,0,0,0,0,0,0,0,0,0,0,0,0,0,0,0,0,0,0,0,0,0,0,0,0,0,0,0,0,0,0,0,0,0,0,0,0,0,0,0,0,0,0,0,0,0,0,0,0,0,0,0,0,0,0,0,0,0,0,0
Lithuania,Europe,LTU,0,5,10,10,10,10,15,25,15,15,10,5,15,20,15,15,30,30,15,20,5,10,10,5,30,15,15,5,5,15,10,10,5,5,10,15,15,10,10,5,10,10,15,15,15,5,5,5,10,0,15,5,5,10,15,20,10,10,10,0,10,10,0,0,0,15,5,0,10,5,5,0,0,10,10,10,0,15,5,10,10,10
Luxembourg,Europe,LUX,0,0,0,0,0,0,0,0,0,0,0,0,0,0,0,0,0,0,0,0,0,0,0,0,0,0,0,0,0,0,0,0,0,0,0,0,0,0,0,0,0,0,0,0,0,0,0,0,0,0,0,0,0,0,0,0,0,0,0,0,0,0,0,0,0,0,0,0,0,0,0,0,0,0,0,0,0,5,0,0,0,0
Macau,Asia,MAC,0,0,0,5,0,0,5,0,0,0,0,0,0,5,0,0,0,0,0,0,0,5,0,0,0,0,0,0,0,0,0,0,0,0,0,5,0,0,0,0,0,0,0,0,0,0,0,0,0,0,0,0,0,5,0,5,0,0,0,0,0,0,0,0,0,0,0,0,0,0,0,0,0,0,0,0,0,5,0,5,0,5
Macedonia,Europe,MKD,10,15,20,15,20,15,20,25,20,25,10,25,20,10,15,10,15,20,15,10,5,10,5,5,0,0,15,0,0,0,10,0,10,15,10,10,15,0,5,10,15,15,0,10,0,0,10,5,5,10,0,10,10,0,5,10,10,10,5,15,5,5,0,0,0,0,10,0,0,0,5,0,0,0,5,10,0,10,5,10,5,10
Madagascar,Africa,MDG,5,0,5,10,15,20,20,5,5,5,5,0,15,5,15,10,15,15,5,15,15,20,0,10,5,10,5,10,15,20,10,10,5,5,10,5,5,20,5,15,15,15,20,5,10,0,10,20,0,5,10,5,20,15,20,10,10,10,10,0,10,10,0,0,0,5,10,15,0,5,15,5,20,10,10,5,15,35,10,25,25,15
Malawi,Africa,MWI,0,0,0,0,10,0,0,5,0,0,0,0,0,0,0,0,0,10,0,0,0,0,0,0,0,0,0,0,0,0,0,0,0,0,0,5,0,0,0,0,5,5,0,0,0,0,0,0,0,0,0,0,0,0,0,0,0,0,0,0,0,0,0,0,0,0,5,0,0,0,0,0,0,0,0,0,0,0,0,0,5,5
Malaysia,Asia,MYS,15,25,20,30,25,30,35,30,35,25,30,20,45,35,50,30,25,40,35,20,25,25,10,25,35,25,30,15,35,40,35,30,30,25,25,40,30,60,50,45,35,30,30,30,25,35,25,35,15,15,30,40,35,30,35,40,45,35,25,25,30,35,15,5,20,40,15,10,10,15,25,15,25,20,40,25,15,40,40,35,20,55
Maldives,Asia,MDV,0,0,0,0,0,0,0,0,0,0,0,0,0,0,0,0,0,0,0,0,0,0,0,0,0,0,0,0,0,0,0,0,0,0,0,0,0,0,0,0,0,0,0,0,0,0,0,0,0,0,0,0,0,0,0,0,0,0,0,0,0,0,0,0,0,0,0,0,0,0,0,0,0,0,0,0,0,0,0,0,0,0
Mali,Africa,MLI,0,10,10,15,25,20,25,10,15,25,15,10,15,20,20,15,15,25,10,35,15,20,15,5,15,20,15,25,15,20,25,15,0,15,10,10,15,15,25,20,15,15,25,25,25,25,25,40,10,15,35,30,95,20,20,5,25,25,30,15,35,20,0,0,10,15,5,10,20,20,10,10,20,25,15,20,20,30,25,15,20,20
Malta,Europe,MLT,0,0,0,0,0,0,0,0,0,0,0,0,0,0,0,0,0,0,0,0,0,0,0,0,0,0,0,0,0,0,0,0,0,0,0,0,0,0,0,0,0,0,0,0,0,0,0,0,0,0,0,0,0,0,0,0,0,0,0,0,0,0,0,0,0,0,0,0,0,0,0,0,0,0,0,0,0,0,0,0,5,0
Marshall Islands,Oceania,MHL,0,0,0,0,0,0,0,0,0,0,0,0,0,0,0,0,0,0,0,0,0,0,0,0,0,0,0,0,0,0,0,0,0,0,0,0,0,0,0,0,0,0,0,0,0,0,0,0,0,0,0,0,0,0,0,0,0,0,0,0,0,0,0,0,0,0,0,0,0,0,0,0,0,0,0,0,0,0,0,0,0,0
Mauritania,Africa,MRT,0,5,0,15,10,10,10,15,10,20,5,0,0,0,0,0,0,5,0,15,10,0,0,0,0,0,0,5,10,10,10,5,0,0,5,5,5,5,10,0,0,0,15,0,5,0,5,10,0,0,0,10,5,5,5,15,10,0,5,10,10,0,0,0,0,0,0,0,5,0,5,0,0,5,5,5,5,5,5,5,5,10
Mauritius,Africa,MUS,10,15,70,75,85,80,130,85,55,40,45,20,55,60,45,65,60,45,40,45,25,40,35,40,40,35,105,65,80,70,80,65,40,60,45,40,45,45,55,75,50,45,60,60,35,15,55,25,20,25,60,50,70,60,80,80,110,110,80,50,40,55,60,10,30,45,40,30,35,35,35,5,35,45,45,35,20,60,120,65,100,75
Mexico,North America,MEX,195,185,270,285,270,265,305,350,340,250,260,245,300,365,370,330,340,310,345,255,240,210,200,125,430,300,290,260,250,270,265,275,185,220,180,210,290,270,260,255,275,270,320,335,275,275,240,245,210,235,260,295,370,330,310,325,225,365,325,215,325,250,230,65,265,225,140,125,275,215,205,115,220,210,280,280,245,390,495,560,560,615
Republic of Moldova,Europe,MDA,20,25,65,75,145,140,70,35,60,110,130,55,85,85,140,75,120,100,75,50,115,85,75,85,70,55,60,65,85,135,35,35,25,30,35,55,45,50,45,15,50,35,25,20,25,25,45,25,15,10,30,15,30,20,40,20,30,15,20,30,15,20,25,0,15,10,20,15,20,15,10,10,25,10,5,15,10,30,35,10,20,25
Monaco,Europe,MCO,0,0,0,0,0,0,0,0,0,0,0,0,0,0,0,0,0,0,0,0,0,0,0,0,0,0,0,0,0,0,0,0,0,0,0,0,0,0,0,0,0,0,0,0,0,0,0,0,0,0,0,0,0,0,0,0,0,0,0,0,0,0,0,0,0,0,0,0,0,0,0,0,0,0,0,0,0,0,0,0,0,0
Mongolia,Asia,MNG,0,0,20,0,0,0,0,0,5,0,0,0,10,15,10,0,10,0,0,10,15,10,0,5,5,15,10,10,10,5,0,5,0,5,0,15,5,0,10,10,5,5,0,5,10,10,0,5,0,0,5,5,15,10,15,5,10,5,5,0,5,0,10,0,0,10,0,5,10,0,0,0,15,0,0,15,10,20,10,15,10,15
Montenegro,Europe,MNE,0,0,5,5,0,0,0,0,10,0,0,0,0,10,0,0,0,0,0,0,0,0,0,0,0,0,0,0,0,5,0,0,0,0,0,0,0,0,0,0,0,0,5,0,0,0,0,0,0,0,0,0,0,0,0,0,0,0,0,0,0,0,0,0,0,0,0,0,0,0,0,0,0,0,0,0,0,0,0,0,0,0
Morocco,Africa,MAR,125,155,280,260,270,190,355,215,265,260,180,155,125,165,205,200,185,190,285,170,140,185,130,130,140,175,235,220,270,255,230,170,140,130,125,175,130,175,290,210,160,220,390,315,285,215,230,155,115,145,195,225,155,325,295,220,390,320,305,325,275,300,315,10,40,45,520,395,375,300,240,170,255,170,150,215,150,280,320,225,250,300
Mozambique,Africa,MOZ,0,0,0,0,0,0,0,0,0,0,0,0,0,0,0,0,0,0,0,0,0,0,0,0,0,0,0,0,0,0,0,0,0,0,0,0,0,0,0,0,0,0,0,0,0,0,0,0,0,0,0,0,0,0,0,0,0,0,0,0,0,0,0,0,0,0,0,0,0,0,0,0,0,0,0,0,0,0,5,0,0,0
Myanmar,Africa,MMR,0,25,20,30,15,50,20,15,30,40,120,70,5,40,20,40,35,80,85,30,75,0,10,0,55,10,40,10,10,0,10,5,10,0,0,15,10,25,10,5,0,30,5,5,25,15,25,25,5,25,10,0,5,20,40,10,45,10,25,15,5,5,15,0,0,0,0,10,0,10,0,5,0,0,0,0,0,20,10,5,25,25
Namibia,Africa,NAM,0,0,15,10,0,5,20,10,5,10,15,0,0,10,5,5,5,10,5,10,0,0,0,0,0,10,15,5,10,25,15,5,0,10,5,15,15,10,0,15,15,15,10,5,0,15,15,10,15,15,5,5,15,15,5,5,10,5,10,10,5,10,10,0,10,5,0,0,10,15,10,0,10,0,0,5,10,0,10,0,10,5
Nepal,Asia,NPL,60,40,50,70,180,205,195,190,145,95,160,145,55,105,100,95,85,85,65,35,25,30,40,40,65,60,80,85,75,115,140,80,75,70,90,175,95,95,130,135,135,115,120,125,165,60,120,105,95,85,105,90,120,155,115,125,165,150,120,85,80,105,80,0,20,60,45,25,35,40,30,40,100,55,80,75,55,75,70,90,115,80
Netherlands Antilles,Europe,NLD,0,0,0,0,0,0,0,0,0,0,0,0,0,0,0,0,0,0,0,0,0,0,0,0,0,0,0,0,0,0,0,0,0,0,0,0,0,0,0,0,0,0,0,0,0,0,0,0,0,0,0,0,0,0,0,0,0,0,0,0,0,0,0,0,0,0,0,0,0,0,0,0,0,0,0,0,0,0,0,0,0,0
Netherlands,Europe,NLD,40,20,30,55,65,50,30,75,40,40,55,35,60,45,55,55,60,45,45,55,30,30,30,10,55,50,50,35,40,45,30,30,20,45,40,55,50,85,45,40,30,40,45,45,40,40,40,40,50,30,45,40,55,65,35,55,40,70,35,45,70,40,30,15,15,25,20,15,25,15,20,10,35,20,35,40,30,45,55,50,35,45
Nevis,North America,KNA,0,0,0,0,0,0,0,0,0,0,0,0,0,0,0,0,0,0,0,0,0,0,0,0,0,0,0,0,0,0,0,0,0,0,0,0,0,0,0,0,0,0,0,0,0,0,0,0,0,0,0,0,0,0,0,0,0,0,0,0,0,0,0,0,0,0,0,0,0,0,0,0,0,0,0,0,0,0,0,0,0,0
New Caledonia,Oceania,NCL,0,0,0,0,0,0,0,0,0,0,0,0,0,0,0,0,0,0,0,0,0,0,0,0,0,0,0,0,0,0,0,0,0,0,0,0,0,0,0,0,0,0,0,0,0,0,0,0,0,0,0,0,0,0,0,0,0,0,0,0,0,0,0,0,0,0,0,0,0,0,0,0,0,0,0,0,0,0,0,0,0,0
New Zealand,Oceania,NZL,20,15,25,20,25,40,35,35,30,35,25,25,50,50,40,60,50,65,45,40,25,20,25,25,60,45,40,35,35,30,30,30,25,25,30,35,25,40,40,45,40,40,50,45,30,45,25,25,40,20,55,55,80,55,65,65,40,55,40,35,40,40,45,5,30,90,25,10,25,35,25,20,55,40,50,50,50,115,80,75,75,60
Nicaragua,North America,NIC,0,5,15,0,10,10,5,10,15,5,0,10,0,0,0,20,5,10,10,5,0,0,0,5,5,0,15,10,10,15,5,0,15,5,5,5,10,5,10,15,15,20,15,10,10,5,10,0,0,15,0,5,10,15,10,5,15,5,5,10,10,10,10,0,0,0,0,0,0,10,5,15,10,25,10,20,30,30,40,30,40,40
Niger,Africa,NER,0,0,10,5,0,10,15,5,10,0,0,15,0,10,15,5,5,0,10,15,5,5,0,5,5,5,5,5,10,5,0,0,15,0,0,0,0,10,0,10,0,0,10,5,5,0,0,5,0,10,0,0,5,0,5,5,10,0,0,0,0,0,0,0,0,0,5,0,0,5,5,0,0,5,0,5,5,5,10,5,15,5
Nigeria,Africa,NGA,260,310,380,325,290,295,390,470,390,350,260,375,260,270,370,415,580,615,525,400,360,255,175,190,300,230,345,265,280,365,495,480,635,680,545,825,705,745,1100,1075,1080,880,1010,815,1005,915,705,880,620,665,810,1010,1180,1410,1510,1210,1345,1040,910,885,875,885,620,115,330,530,560,420,450,520,520,535,1255,1170,1150,1105,940,1415,1485,975,1460,1535
Northern Mariana Islands,Oceania,MNP,0,0,0,0,0,0,0,0,0,0,0,0,0,0,0,0,0,0,0,0,0,0,0,0,0,0,0,0,0,0,0,0,0,0,0,0,0,0,0,0,0,0,0,0,0,0,0,0,0,0,0,0,0,0,0,0,0,0,0,0,0,0,0,0,0,0,0,0,0,0,0,0,0,0,0,0,0,0,0,0,0,0
Norway,Europe,NOR,0,5,0,0,5,10,0,5,0,0,0,5,0,5,15,5,0,0,10,10,0,10,5,10,0,5,5,5,0,5,10,10,0,10,0,0,0,5,10,0,0,5,10,10,0,10,5,10,0,0,10,10,5,10,0,5,0,5,5,5,5,0,0,0,0,5,10,0,0,0,0,0,0,0,10,0,5,10,10,5,20,0
Oman,Asia,OMN,0,0,0,0,0,0,0,0,0,0,0,0,0,0,0,0,0,0,0,0,0,0,0,0,0,0,0,0,0,0,0,0,0,0,0,0,10,0,0,0,0,0,0,0,0,0,0,0,0,0,0,0,0,0,0,0,0,0,0,0,0,0,0,0,5,0,0,0,0,0,0,0,0,0,0,0,0,0,0,0,0,0
Pakistan,Asia,PAK,505,705,1010,815,1180,1095,1190,1060,1105,930,875,830,670,940,1220,1150,1360,1210,1230,880,705,820,575,590,490,625,725,645,645,695,800,645,615,560,510,700,530,785,930,805,785,870,955,680,765,845,760,775,585,720,855,820,980,1245,1225,880,980,875,915,720,610,870,795,190,260,600,645,395,485,480,500,395,640,555,460,510,340,500,910,740,1045,935
Palau,Oceania,PLW,0,0,0,0,0,0,0,0,0,0,0,0,0,0,0,0,0,0,0,0,0,0,0,0,0,0,0,0,0,0,0,0,0,0,0,0,0,0,0,0,0,0,0,0,0,0,0,0,0,0,0,0,0,0,0,0,0,0,0,0,0,0,0,0,0,0,0,0,0,0,0,0,0,0,0,0,0,0,0,0,0,0
Palestinian Authority (Gaza/West Bank),Asia,OMN,25,20,20,20,25,40,30,40,60,20,65,35,25,30,30,20,45,45,60,35,45,35,15,25,25,25,30,20,20,25,45,30,35,20,25,35,15,30,60,25,30,45,40,35,30,55,60,35,60,35,50,55,55,55,55,55,60,45,35,25,60,65,50,0,25,40,45,30,55,40,30,35,80,115,50,50,50,60,85,75,110,95
Panama,North America,PAN,0,5,0,0,5,5,0,5,0,5,5,0,0,5,0,0,0,10,0,5,0,0,0,0,0,0,5,0,5,0,5,5,0,0,5,10,10,0,5,10,0,0,5,0,5,0,0,0,0,0,0,10,5,15,5,10,10,10,0,0,0,5,0,0,10,5,0,0,0,0,0,0,10,0,5,15,5,20,10,5,15,10
Papua New Guinea,Oceania,PNG,0,0,0,0,0,0,5,0,0,0,0,0,0,0,0,0,0,0,0,5,0,0,0,0,0,0,0,0,0,0,0,0,0,0,0,0,0,0,0,0,0,0,0,0,0,0,0,0,0,0,0,0,0,0,0,0,0,0,0,0,0,0,0,0,0,0,0,0,0,0,0,0,0,0,0,0,0,0,0,0,0,0
Paraguay,South America,PRY,0,0,0,0,0,0,0,5,10,0,0,0,0,0,15,0,0,0,0,0,5,5,0,0,10,5,0,0,10,10,5,5,0,0,0,5,0,0,0,0,5,0,10,0,10,5,0,20,0,10,10,10,10,0,15,20,10,5,0,0,5,0,0,5,0,0,5,0,0,0,0,0,0,5,5,0,0,0,5,0,0,0
Peru,South America,PER,40,30,55,40,40,50,40,65,50,40,45,55,35,45,50,45,55,50,45,35,20,20,25,20,25,30,35,30,45,50,35,40,35,40,35,20,50,45,50,30,55,40,45,45,50,55,30,55,35,30,45,40,45,45,35,45,55,45,50,35,35,20,20,20,20,30,5,20,20,15,25,25,45,50,40,30,55,60,50,65,85,85
Philippines,Asia,PHL,2535,3880,3935,4560,5175,5575,4785,4205,5240,4020,3830,3105,2935,3410,4275,5110,5090,4715,3830,2940,3075,1915,1815,2735,3750,3320,3590,4430,4500,4355,3375,2925,2790,2140,2375,3330,2820,2790,3485,3855,3780,3435,2720,2515,3045,2685,2265,1645,1820,1905,2235,2335,2790,3035,2635,2420,2805,2295,1915,1620,1805,1940,1275,340,640,895,870,560,585,600,750,710,1060,1030,750,725,695,1380,1785,1705,2105,2075
Poland,Europe,POL,30,60,70,75,90,90,60,120,100,115,95,70,95,95,85,105,130,125,95,75,60,45,40,50,150,105,90,80,90,70,80,65,60,70,75,60,70,85,75,75,80,95,75,100,75,80,55,45,65,45,90,85,95,55,80,115,90,105,55,30,60,65,25,10,40,40,30,20,40,25,50,15,55,50,35,40,50,70,80,65,50,70
Portugal,Europe,PRT,40,40,40,75,80,85,80,90,90,85,70,55,70,65,70,75,115,80,125,60,50,55,50,45,120,70,80,50,65,75,40,65,50,60,60,55,60,60,85,55,85,90,75,75,75,70,80,55,50,30,70,80,100,75,75,75,90,95,70,40,80,70,40,15,50,50,35,30,60,45,50,35,65,55,65,65,50,80,95,70,70,90
Qatar,Asia,QAT,0,0,0,0,0,0,0,0,0,0,0,0,0,0,0,0,0,0,0,0,0,0,0,0,0,0,0,0,0,0,0,0,0,0,0,0,0,0,0,0,0,0,0,0,0,0,0,0,0,0,0,0,0,0,0,0,0,0,0,0,0,0,0,0,5,0,0,0,0,0,0,0,0,0,0,0,0,0,0,0,0,0
Romania,Europe,ROU,55,90,80,85,90,95,115,80,90,130,190,75,120,130,100,125,120,155,90,95,100,125,125,80,135,85,110,85,90,95,45,70,75,95,45,50,75,70,70,65,60,80,70,60,75,70,75,35,40,50,50,70,80,70,65,50,65,70,35,25,55,45,25,5,30,20,25,20,35,20,30,20,40,55,40,35,25,40,80,50,55,65
Russian Federation,Asia,RUS,110,95,170,160,130,200,250,200,195,235,235,140,180,185,230,195,210,295,235,205,235,160,135,135,160,155,225,220,210,235,210,170,150,180,180,190,215,165,190,165,190,240,180,170,190,155,140,135,145,125,175,205,235,235,220,215,205,200,150,155,205,175,145,35,65,130,95,95,115,130,120,80,140,145,125,150,95,245,190,165,185,165
Rwanda,Africa,RWA,25,15,15,25,35,25,35,40,40,40,25,35,25,15,15,15,45,55,40,40,35,20,20,40,20,20,45,20,40,45,30,55,25,10,15,20,25,15,60,30,25,20,35,60,70,30,35,50,35,20,40,50,25,45,65,55,70,40,40,60,25,25,25,0,20,10,25,40,15,35,35,35,45,25,25,35,35,50,75,50,80,90
American Samoa,Oceania,ASM,0,0,0,0,0,0,0,0,0,0,0,0,0,0,0,0,0,0,0,0,0,0,0,0,0,0,0,0,0,0,0,0,0,0,0,0,0,0,0,0,0,0,0,0,0,0,0,0,0,0,0,0,0,0,0,0,0,0,0,0,0,0,0,0,0,0,0,0,0,0,0,0,0,0,0,0,0,0,0,0,0,0
Samoa,Oceania,WSM,0,0,0,0,0,0,0,0,0,0,0,0,0,0,0,0,0,0,0,0,0,0,0,0,0,0,0,0,0,0,0,0,0,0,0,0,0,0,0,0,0,0,0,0,0,0,0,0,0,0,0,0,0,0,0,0,0,0,0,0,0,0,0,0,0,0,0,0,0,0,0,0,0,0,0,0,0,0,0,0,0,0
San Marino,Europe,SMR,0,0,0,0,0,0,0,0,0,0,0,0,0,0,0,0,0,0,0,0,0,0,0,0,0,0,0,0,0,0,0,0,0,0,0,0,0,0,0,0,0,0,0,0,0,0,0,0,0,0,0,0,0,0,0,0,0,0,0,0,0,0,0,0,0,0,0,0,0,0,0,0,0,0,0,0,0,0,0,0,0,0
Saudi Arabia,Asia,SAU,10,5,20,10,25,10,20,15,15,10,15,0,25,10,20,10,20,15,5,20,10,10,10,15,25,5,20,10,5,30,30,15,15,15,20,20,20,35,40,20,15,45,20,30,15,25,25,20,35,15,25,25,30,20,45,40,45,10,10,10,25,25,15,10,15,15,15,5,15,15,25,0,45,25,35,25,25,35,40,30,35,35
Senegal,Africa,SEN,30,45,45,50,50,55,65,65,85,55,45,55,30,50,50,50,50,50,80,55,55,35,45,45,40,40,70,45,70,45,55,45,25,30,25,25,35,50,45,50,40,50,75,60,50,55,35,55,15,15,20,25,40,55,50,55,75,50,40,40,40,35,20,0,15,10,25,25,40,20,30,15,50,35,35,35,35,50,75,65,80,85
Serbia,Europe,SRB,40,30,50,45,40,70,55,65,70,70,45,30,45,75,45,45,25,45,45,30,30,40,30,25,35,30,45,25,40,40,20,25,25,40,25,20,25,30,40,60,50,50,55,35,50,40,20,40,20,25,45,35,70,55,60,75,60,45,35,20,25,35,20,10,10,25,20,15,15,10,10,5,15,30,10,25,25,25,55,45,70,20
Seychelles,Africa,SYC,0,0,0,0,0,0,0,0,0,0,0,0,0,0,0,0,0,0,0,0,0,0,0,0,0,0,0,0,0,0,0,0,0,0,0,0,0,0,0,0,0,0,0,0,0,0,0,0,0,0,0,0,0,0,0,0,0,0,0,0,0,0,0,0,0,0,0,0,0,0,0,0,0,0,0,0,0,0,0,0,0,0
Sierra Leone,Africa,SLE,10,15,15,20,0,10,0,0,5,0,5,0,0,10,5,10,5,15,5,0,0,5,10,10,10,0,0,0,5,5,0,0,0,5,0,5,10,0,5,0,0,0,10,5,5,10,0,10,0,0,0,0,0,5,5,10,5,5,0,5,5,10,0,0,0,0,0,5,0,5,0,0,0,0,0,0,0,5,10,0,10,5
Singapore,Asia,SGP,10,10,20,15,15,30,20,35,40,15,20,30,25,15,15,30,40,20,30,10,20,5,20,30,30,15,35,20,25,15,20,25,20,35,40,40,30,15,40,10,60,25,30,25,25,20,45,25,10,25,25,20,25,30,35,20,35,30,15,45,25,30,15,10,15,20,15,10,10,10,15,0,15,10,10,5,5,30,30,20,25,25
Slovakia,Europe,SVK,5,10,20,10,15,30,15,15,40,20,15,10,15,25,30,30,50,40,30,15,5,10,15,15,25,20,20,20,25,30,20,30,20,15,20,20,20,20,30,30,50,30,20,20,10,40,20,20,25,10,25,35,40,55,55,45,40,25,20,10,35,45,15,0,40,35,40,30,20,25,10,5,40,35,25,10,10,40,15,30,20,20
Slovenia,Europe,SVN,10,0,0,0,0,0,0,5,5,0,5,0,0,5,0,0,0,0,0,0,0,0,10,0,5,0,0,0,0,0,5,5,10,5,0,0,0,10,0,0,5,0,0,0,0,0,0,0,0,0,0,0,10,5,0,5,0,5,0,0,0,0,0,0,0,0,0,0,0,0,0,0,5,0,0,0,0,5,0,0,0,0
Solomons ,Oceania,SLB,0,0,0,0,0,0,0,0,0,0,0,0,0,0,0,0,0,0,0,0,0,0,0,0,0,0,0,0,0,0,0,0,0,0,0,0,0,0,0,0,0,0,0,0,0,0,0,0,0,0,0,0,0,0,0,0,0,0,0,0,0,0,0,0,0,0,0,0,0,0,0,0,0,0,0,0,0,0,0,0,0,0
Somalia,Africa,SOM,90,85,85,50,65,95,120,60,90,180,100,145,60,90,120,90,155,165,110,105,155,100,80,85,55,90,165,95,130,180,100,90,135,115,110,120,95,70,120,120,180,170,140,95,200,295,330,320,150,180,295,180,290,400,355,185,510,370,225,140,125,165,125,0,45,30,85,60,85,95,90,105,130,75,80,75,75,170,90,120,240,375
South Africa,Africa,ZAF,25,40,85,105,105,105,100,105,85,65,75,45,65,95,115,115,75,95,90,75,75,75,65,130,145,125,155,115,130,95,105,115,85,160,120,205,215,165,220,235,115,155,170,150,80,120,85,105,85,80,110,130,155,180,165,200,220,185,130,155,145,135,115,65,85,150,45,40,60,110,95,75,130,60,70,135,95,155,220,185,165,155
Sudan,Africa,SDN,0,0,0,0,0,0,5,0,20,10,0,15,0,20,10,0,0,0,0,15,20,0,5,5,10,5,10,0,10,10,0,10,10,20,15,10,0,15,10,15,0,10,5,15,35,15,45,10,15,0,15,15,20,10,25,35,65,20,20,15,25,25,0,0,0,0,0,0,10,0,0,40,0,0,10,0,5,5,5,45,20,10
Spain,Europe,ESP,50,30,35,80,70,70,80,85,65,60,50,55,80,50,80,55,60,60,45,50,50,40,40,35,85,50,45,60,50,45,50,55,65,60,50,60,75,65,50,60,60,55,75,70,50,65,50,40,55,50,60,45,60,40,50,65,85,65,50,30,60,40,35,5,35,50,30,15,30,45,30,15,45,50,55,65,50,85,115,110,110,55
Sri Lanka,Asia,LKA,95,110,160,145,170,160,165,135,190,160,145,150,140,160,200,155,165,115,85,55,55,80,170,160,115,215,235,210,190,205,195,110,120,130,170,255,190,220,235,190,205,195,165,140,160,170,140,150,140,120,195,190,235,215,180,175,170,220,220,170,160,170,155,15,70,115,105,95,145,155,80,70,170,130,165,125,140,145,195,215,220,145
Saint Kitts and Nevis,North America,KNA,0,0,10,0,0,0,5,5,0,0,0,5,5,0,0,0,10,5,5,0,0,0,0,0,0,0,5,0,5,0,10,0,0,5,0,0,0,0,0,0,0,0,0,0,0,0,0,5,0,0,0,0,0,0,10,5,0,5,0,0,5,0,0,0,0,0,0,0,0,0,0,0,0,0,0,0,0,0,0,0,0,5
Saint Lucia ,North America,LCA,35,20,50,40,35,45,40,50,30,25,40,25,20,35,30,25,30,35,40,40,25,25,20,10,35,30,45,20,35,20,35,45,25,30,15,50,35,25,35,25,20,30,25,40,25,15,15,30,20,30,20,15,25,30,20,25,25,25,30,15,30,20,10,0,10,5,10,10,25,10,20,10,15,20,15,20,5,25,15,15,15,20
Saint Vincent and the Grenadines,North America,VCT,35,30,60,30,40,55,30,45,45,40,35,35,20,30,35,40,45,65,45,40,40,35,20,15,35,50,50,35,30,40,55,50,25,30,25,45,20,25,30,30,45,45,45,20,20,20,40,30,10,30,25,20,35,30,30,30,40,25,30,20,30,20,30,0,15,10,5,10,10,20,15,10,20,25,20,20,35,15,25,20,20,30
Stateless nation,Africa,SDN,65,75,110,65,45,95,145,115,125,80,65,60,75,60,75,110,105,55,70,50,55,40,90,55,115,70,75,100,70,95,125,70,65,45,40,65,30,60,90,70,65,120,100,60,70,65,65,100,75,65,85,85,120,75,190,70,60,70,70,50,70,55,45,0,35,30,80,45,40,45,45,35,115,75,35,70,90,110,75,80,75,150
Sudan,Africa,SDN,15,25,40,25,35,35,35,25,25,30,20,20,30,15,40,20,70,55,50,50,45,40,25,10,20,25,45,40,35,40,70,15,50,10,40,40,20,40,40,55,50,70,80,35,80,70,95,80,45,80,85,130,110,140,105,80,145,205,80,50,80,105,50,30,40,50,80,60,85,110,90,65,160,135,110,115,110,150,160,135,190,165
Surinam,South America,SUR,0,0,0,0,0,0,0,0,0,0,0,0,0,0,0,0,0,0,0,0,0,0,0,0,0,0,0,0,0,0,0,0,0,0,0,0,0,0,0,0,0,0,0,0,0,0,0,0,0,0,0,0,5,0,0,0,0,0,0,0,0,5,0,0,0,0,0,0,0,0,0,0,0,0,0,0,0,0,0,0,0,0
Swaziland,Africa,SWZ,0,0,10,0,0,5,0,0,0,0,0,0,0,0,0,0,0,0,0,0,0,0,0,0,5,0,5,5,0,0,5,0,0,0,0,0,0,0,0,0,0,0,0,0,0,0,0,0,0,0,0,0,0,0,0,0,5,0,0,0,0,0,0,0,0,0,0,0,0,0,0,0,0,0,0,0,0,0,0,0,0,10
Sweden,Europe,SWE,5,10,20,15,5,10,25,20,15,10,15,25,10,10,15,15,15,25,20,15,20,10,15,10,15,15,15,15,15,10,15,20,10,15,20,10,15,25,15,10,15,15,20,25,20,15,20,10,15,25,10,15,20,25,25,25,25,20,20,10,20,25,20,0,15,10,10,5,10,15,15,5,10,20,30,15,20,15,25,25,30,20
Switzerland,Europe,CHE,15,15,15,20,25,40,25,20,25,20,15,20,25,20,25,20,20,20,20,10,10,15,10,15,30,20,10,20,15,15,20,15,10,10,10,15,20,15,25,25,20,15,20,25,20,30,20,10,15,10,10,15,20,15,45,20,25,20,20,5,25,25,15,0,20,10,10,10,15,10,15,5,30,25,15,15,15,25,35,40,25,25
Syria,Asia,SYR,110,220,415,185,265,530,250,230,480,670,515,5980,9230,10845,430,835,1000,1235,1070,805,1675,1990,2405,3485,570,1250,2435,1230,1050,1075,925,585,830,805,620,685,375,675,970,960,1015,1805,1575,895,1340,1080,670,685,390,700,555,690,900,1065,1750,745,1115,1130,660,420,445,835,480,25,105,260,245,180,465,675,675,495,325,375,360,195,225,330,640,575,655,720
Taiwan,Asia,TWN,30,30,45,50,55,80,55,55,55,50,50,65,60,55,70,80,90,115,95,65,50,35,40,40,70,70,85,65,70,85,55,60,50,55,60,70,75,70,95,65,80,105,90,70,75,80,70,85,65,55,90,70,110,110,110,80,95,90,75,65,75,95,40,10,40,85,50,35,45,30,40,30,55,80,60,65,50,130,160,130,120,105
Tajikistan,Asia,TJK,0,5,10,5,0,10,0,5,0,0,0,0,0,0,5,5,0,0,0,5,0,0,0,0,0,0,5,0,10,10,0,0,0,0,0,5,5,0,0,5,0,10,10,0,0,10,0,10,0,0,0,0,5,10,0,0,15,0,0,0,0,0,0,0,0,0,0,0,5,0,5,0,0,5,5,5,0,0,5,0,5,0
Tanzania,Africa,TZA,0,10,10,15,10,20,15,25,10,20,5,5,10,5,5,0,10,15,15,10,15,10,10,5,15,10,15,20,15,15,25,20,20,10,20,15,10,15,20,10,0,15,10,15,15,20,15,10,10,10,10,10,15,20,30,25,20,25,20,25,20,15,10,5,5,20,20,10,5,10,5,15,25,15,5,20,15,35,35,20,30,35
Thailand,Asia,THA,30,25,40,50,50,40,55,40,40,40,30,45,45,30,60,60,50,40,25,25,40,30,25,30,40,40,65,70,70,70,45,45,35,35,30,50,50,30,60,40,45,40,55,50,50,45,40,35,45,20,50,35,50,40,40,50,60,30,30,35,25,45,40,10,25,20,15,15,20,25,30,20,30,15,25,30,20,45,35,30,50,65
Togo,Africa,TGO,10,15,35,30,15,40,10,10,45,10,20,25,10,30,20,35,20,45,20,15,15,25,5,10,20,15,10,15,0,5,25,30,20,15,25,25,15,25,30,25,40,30,45,30,40,10,40,20,15,15,15,15,20,40,50,25,45,60,65,45,20,35,35,5,10,20,10,25,30,15,20,30,20,20,15,10,20,15,20,20,35,45
Tonga,Oceania,TON,0,0,0,0,0,0,0,0,0,0,0,0,0,0,0,0,0,0,0,0,0,0,0,0,0,0,0,0,0,0,0,0,0,0,0,0,0,0,0,0,0,0,0,0,0,0,0,0,0,0,0,0,0,0,0,0,0,0,0,0,0,0,0,0,0,0,0,0,0,0,0,0,0,0,0,0,0,0,0,0,0,0
Trinidad and Tobago,North America,TTO,10,15,25,25,30,55,40,50,20,30,25,20,15,25,35,50,35,30,25,15,25,30,10,25,25,20,25,25,30,35,20,30,40,40,45,40,25,30,45,45,35,50,60,40,50,50,40,45,30,30,35,40,40,50,50,70,70,70,55,60,55,40,35,10,5,30,25,15,10,30,30,10,45,40,25,30,30,35,55,30,45,50
Tunisia,Africa,TUN,50,65,80,140,95,105,130,130,150,125,105,100,75,90,100,100,160,110,180,120,100,95,70,105,100,85,140,115,150,90,205,110,175,95,75,90,110,140,240,150,130,165,180,135,220,210,115,140,40,90,150,125,110,205,240,115,210,195,255,245,170,150,140,25,120,135,160,120,115,140,90,70,175,110,135,115,75,240,570,160,215,285
Turkey,Asia,TUR,50,65,60,55,75,90,105,75,105,60,65,65,60,85,85,70,100,120,100,90,60,50,45,55,80,85,90,75,75,90,120,95,85,105,120,95,70,105,165,140,150,155,225,170,170,235,295,205,185,160,225,285,270,385,370,315,260,160,120,95,280,280,150,50,160,175,110,105,205,220,240,145,600,475,375,320,265,420,330,365,375,355
Turkmenistan,Asia,TKM,0,0,0,0,0,0,0,0,0,0,0,0,0,0,0,0,0,0,0,0,0,0,0,0,0,0,0,0,0,0,5,0,0,0,5,0,0,0,0,0,0,0,0,0,0,0,0,0,0,0,5,0,0,0,0,0,0,5,0,0,0,5,0,0,0,0,0,0,0,0,0,0,0,0,0,0,5,0,5,0,10,20
Tuvalu,Oceania,TUV,0,0,0,0,0,0,0,0,0,0,0,0,0,0,0,0,0,0,0,0,0,0,0,0,0,0,0,0,0,0,0,0,0,0,0,0,0,0,0,0,0,0,0,0,0,0,0,0,0,0,0,0,0,0,0,0,0,0,0,0,0,0,0,0,0,0,0,0,0,0,0,0,0,0,0,0,0,0,0,0,0,0
Uganda,Africa,UGA,25,15,20,15,10,10,15,15,25,15,5,10,15,10,15,15,15,20,10,15,20,10,15,20,10,10,15,30,25,20,25,15,10,15,15,20,30,30,20,15,25,20,15,15,35,15,20,30,40,20,20,15,50,55,45,30,55,55,40,15,50,15,15,0,15,15,20,10,15,15,20,55,65,50,25,30,40,50,65,30,75,50
Ukraine,Europe,UKR,120,155,160,155,160,205,230,260,280,245,195,180,185,275,345,300,345,410,290,300,290,225,200,180,265,295,365,275,300,380,265,230,280,215,215,215,240,350,335,280,280,365,235,200,230,210,225,185,205,170,245,210,255,260,320,355,315,255,225,185,240,230,135,35,100,185,155,105,150,115,120,110,215,215,215,190,175,315,350,300,315,300
United Arab Emirates,Asia,ARE,0,0,0,0,0,0,0,0,0,0,0,0,0,0,0,0,0,0,0,0,0,0,0,0,0,0,0,0,0,0,0,5,0,0,0,0,0,0,0,0,0,5,0,0,0,0,0,0,0,0,0,0,0,5,10,0,0,0,0,0,0,0,0,0,0,0,0,0,0,0,0,0,0,0,0,0,0,0,0,0,0,0
United Kingdom,Europe,GBR,320,305,400,435,460,500,455,575,510,550,450,400,605,570,625,545,610,535,520,480,395,340,235,350,670,490,455,405,445,380,340,445,370,430,380,500,585,585,525,470,525,490,490,495,395,460,345,295,375,280,435,420,545,515,560,645,550,540,415,355,485,425,285,100,305,530,225,170,285,195,245,160,395,345,420,470,370,775,700,705,640,565
USA,North America,USA,455,450,470,565,740,750,760,855,660,630,630,690,700,765,830,810,865,885,825,725,625,565,430,455,760,715,870,770,745,850,655,795,600,755,705,920,870,795,960,795,965,1080,1045,1030,835,865,875,780,680,635,830,900,1045,1005,1150,1115,1010,920,835,660,875,895,665,165,525,735,405,375,515,435,480,310,605,670,820,775,675,1130,1175,1140,1160,1375
Uruguay,South America,URY,0,0,0,0,10,0,0,10,0,0,5,0,0,0,10,0,0,5,10,10,0,0,5,0,0,0,0,5,0,0,0,0,0,0,0,0,0,0,0,0,0,5,10,0,5,0,0,0,0,0,0,0,10,5,0,0,0,5,5,0,0,0,0,0,0,0,0,0,0,0,0,0,5,5,0,0,5,5,10,5,5,10
Uzbekistan,Asia,UZB,5,5,25,15,10,20,15,5,25,20,20,20,10,5,20,20,25,35,20,25,20,15,10,5,10,10,10,10,30,30,10,15,5,15,15,25,10,15,10,5,20,30,25,15,10,15,25,15,10,5,0,15,15,10,20,15,10,15,5,10,10,15,5,0,5,0,5,0,10,10,10,10,15,15,10,5,10,10,15,5,5,5
Venezuela,South America,VEN,40,40,75,80,70,90,65,115,80,95,85,75,80,70,90,115,115,130,85,100,60,65,45,55,60,70,80,80,75,115,110,85,75,80,75,105,95,120,145,90,120,135,140,135,90,200,140,110,90,80,140,150,170,175,155,165,145,105,120,90,135,135,75,20,90,80,50,60,85,145,130,50,335,245,205,250,195,195,170,180,220,175
Vietnam,Asia,VNM,90,165,180,155,150,190,250,205,430,300,270,215,220,215,290,205,205,255,250,165,185,160,125,175,145,195,250,200,210,315,240,230,190,185,140,200,195,190,265,230,245,255,270,285,335,260,260,255,245,265,330,295,390,430,455,425,395,400,345,255,290,400,305,30,140,185,155,185,230,270,285,140,310,260,310,320,230,500,610,540,595,675
"Virgin Islands, British",Europe,VGB,0,0,0,0,0,0,0,0,0,0,0,0,0,0,0,0,0,0,0,0,0,0,0,0,0,0,0,0,0,0,0,0,0,0,0,0,0,0,0,0,0,0,0,0,0,0,0,0,0,0,0,0,0,0,0,0,0,0,0,0,0,0,0,0,0,0,0,0,0,0,0,0,0,0,0,0,0,0,0,0,0,0
Western Sahara,Africa,ESH,0,0,0,0,0,0,0,0,0,0,0,0,0,0,0,0,0,0,0,0,0,0,0,0,0,0,0,0,0,0,0,0,0,0,0,0,0,0,0,0,0,0,0,0,0,0,0,0,0,0,0,0,0,0,0,0,0,0,0,0,0,0,0,0,0,0,0,0,0,0,0,0,0,0,0,0,0,0,0,0,0,0
Yemen,Asia,YEM,15,5,25,20,15,20,15,15,20,20,20,15,15,5,15,0,45,25,10,10,15,10,5,0,10,10,15,20,25,35,45,20,10,20,15,15,20,20,40,30,30,35,65,35,60,50,100,65,55,50,55,60,60,65,110,50,60,35,40,30,55,40,75,15,45,30,30,55,80,70,55,35,205,115,120,90,90,85,70,100,145,155
Zambia,Africa,ZMB,0,0,0,0,0,0,0,10,5,5,0,10,0,0,5,5,5,10,0,5,0,5,0,5,15,10,0,5,10,10,5,10,0,5,0,15,10,5,10,0,0,0,15,0,5,5,5,0,0,0,10,5,5,5,10,10,5,10,0,10,10,0,0,5,0,0,0,0,5,0,0,0,10,0,10,0,10,10,10,5,0,10
Zimbabwe,Africa,ZWE,15,15,25,15,20,15,25,20,20,30,15,15,25,15,25,25,50,25,10,20,20,20,30,15,35,20,45,30,35,40,55,35,25,20,40,40,50,55,80,50,75,35,55,50,30,40,35,50,55,40,35,50,50,50,35,60,60,40,40,45,50,30,35,5,20,25,10,15,15,25,50,55,40,25,20,30,20,50,45,55,60,40
